<configuration>

    <!-- defined a console append -->
    <appender name="STDOUT" class="ch.qos.logback.core.ConsoleAppender">
	    <filter class="ch.qos.logback.classic.filter.ThresholdFilter">
		<level>WARN</level>
	    </filter>
	<encoder>
		<pattern>%d{HH:mm:ss.SSS} [%.15thread] %-5level %logger{36}:%line - %msg%n</pattern>
	</encoder>
    </appender>
    <appender name="FILE" class="ch.qos.logback.core.FileAppender">
        <file>logs/rsp-server.log</file>
        <append>false</append>
	    <filter class="ch.qos.logback.classic.filter.ThresholdFilter">
		<level>INFO</level>
	    </filter>
        <encoder>
            <pattern>%-4relative [%thread] %-5level %logger{35} - %msg%n</pattern>
        </encoder>
    </appender>

    <root level="TRACE">
        <appender-ref ref="FILE" />
        <appender-ref ref="STDOUT" />
    </root>
</configuration>
